<configs>
	<append xpath="/items/item[contains(@name,'Schematic')]">
		<effect_group tiered="false">
			<triggered_effect trigger="onSelfPrimaryActionEnd" action="ShareSchematic, SharedReading" distance="-1"/><!--  -1 == infinite -->
		</effect_group>
	</append>
	<append xpath="/items/item[starts-with(@name,'book')]">
		<effect_group tiered="false">
			<triggered_effect trigger="onSelfPrimaryActionEnd" action="ShareBook, SharedReading" distance="-1"/>
		</effect_group>
	</append>
	<append xpath="/items/item[contains(@name,'Magazine') and not (contains(@name,'Schematic'))]">
		<effect_group tiered="false">
			<triggered_effect trigger="onSelfPrimaryActionEnd" action="ShareMagazine, SharedReading" value="1" distance="-1"/><!--  value = points per magazine -->
		</effect_group>
	</append>
</configs>