<config>
	<append xpath="/buffs">
		<buff name="buffHelicopter" hidden="true">
			<duration value="5"/>
			<effect_group>
				<triggered_effect trigger="onSelfBuffStart" action="PlaySound" sound="player_helicopter" play_in_head="true"/>
				<triggered_effect trigger="onSelfBuffStart" action="ModifyScreenEffect" intensity="1" fade="1" effect_name="FadeToBlack"/>
				<triggered_effect trigger="onSelfBuffRemove" action="ModifyScreenEffect" intensity="0" fade="1" effect_name="FadeToBlack"/>
			</effect_group>
		</buff>
	</append>
</config>