<configs>
	<append xpath="/nav_object_classes">
		<nav_object_class name="radioHam">
			<map_settings>
				<property name="sprite_name" value="ui_game_symbol_talk"/>
				<property name="min_distance" value="0"/>
				<property name="max_distance" value="50"/>
				<property name="color" value="255,255,0,255"/>
				<property name="has_pulse" value="true"/>
			</map_settings>
			<onscreen_settings>
				<property name="sprite_name" value="ui_game_symbol_talk"/>
				<property name="min_distance" value="1"/>
				<property name="max_distance" value="20"/>
				<property name="color" value="255,255,0,255"/>
				<property name="has_pulse" value="true"/>
				<property name="text_type" value="Distance"/>
				<property name="offset" value="0,0,0"/>
			</onscreen_settings>
		</nav_object_class>
	</append>
</configs>
