﻿<config>

	<append xpath="/item_modifiers">

	<item_modifier name="modVehicleUltraFuelSaver" installable_tags="vengine" modifier_tags="fuelsaver" blocked_tags="noMods" type="attachment">
		<property name="Extends" value="modGeneralMaster"/>
		<property name="DescriptionKey" value="UltraFuelSaver"/>
		<property name="TraderStageTemplate" value="modsTier3"/>
		<property name="CustomIconTint" value="#f50b40"/>
        <property name="TintColor" value="#f50b40"/>
		<property name="CustomIcon" value="modVehicleFuelSaver"/>
		<effect_group tiered="false">
			<passive_effect name="VehicleFuelUsePer" operation="perc_set" value=".01"/>
		</effect_group>
	</item_modifier>
	</append>
	
	
</config>